{
  "sr": 16000,
  "centroids": {
    "ih": [
      -379.0282287597656,
      71.67388153076172,
      17.5787353515625,
      71.55641174316406,
      -29.51736831665039,
      -8.300094604492188,
      -27.716869354248047,
      4.048417091369629,
      -25.067920684814453,
      -10.252986907958984,
      -8.613363265991211,
      -5.607933521270752,
      -12.620643615722656,
      -16.150230407714844,
      -2.950939655303955,
      -15.810230255126953,
      -11.194206237792969,
      0.7891483902931213,
      -18.68105125427246,
      -13.127689361572266,
      27.930999755859375,
      7.599143981933594,
      7.862537384033203,
      8.6383056640625,
      7.897394180297852,
      8.391585350036621,
      6.093656539916992,
      6.454282999038696,
      12.302955627441406,
      7.232141494750977,
      5.609011650085449,
      7.068291425704956,
      3.5660505294799805,
      6.165546417236328,
      5.340469002723694,
      4.123865127563477,
      5.63070011138916,
      9.271641254425049,
      4.666532516479492,
      6.776420593261719
    ],
    "ah": [
      -284.4208984375,
      101.44950866699219,
      -45.61664581298828,
      18.15985107421875,
      -46.58380889892578,
      26.198932647705078,
      -25.85924530029297,
      -12.385293960571289,
      2.4409759044647217,
      0.6002089977264404,
      -25.764219284057617,
      -6.995610237121582,
      -15.322750091552734,
      -12.155838012695312,
      -14.690004348754883,
      -16.6551513671875,
      -4.304311752319336,
      -0.8400015830993652,
      -3.351369857788086,
      -17.255952835083008,
      25.05071258544922,
      16.429609298706055,
      9.305959701538086,
      8.689259767532349,
      9.947484016418457,
      6.629533767700195,
      4.582479953765869,
      6.017214059829712,
      6.9380281418561935,
      5.535477548837662,
      4.432026386260986,
      3.8806804418563843,
      6.965954065322876,
      11.017024755477905,
      4.805059194564819,
      7.731985330581665,
      7.196091741323471,
      3.0887613520026207,
      4.108078598976135,
      3.880828380584717
    ]
  }
}