take,note_index,start_time,end_time,duration,note_name,measured_hz,target_hz,cents_error
LV35_01,0,0.0,12.981333333333334,12.981333333333334,F♯3,188.39859488213085,184.9972113558172,31.54161756740277
