take,note_index,start_time,end_time,duration,note_name,measured_hz,target_hz,cents_error
LV35_02,0,0.0,9.386666666666667,9.386666666666667,F♯3,187.07491632027808,184.9972113558172,19.33512724818117
